{"cameraMode":{"drawMode":0,"name":"Shaded","section":"Shading Mode"},"sceneLighting":false,"audioPlay":false,"sceneViewState":{"showFog":true,"showMaterialUpdate":false,"showSkybox":false,"showFlares":true,"showImageEffects":true,"showParticleSystems":true},"in2DMode":false,"pivot":{"x":2.9802322387695315e-8,"y":0.0,"z":-5.960464477539063e-8},"rotation":{"x":-0.2248554527759552,"y":-0.011110623367130757,"z":0.0025640330277383329,"w":-0.9743257761001587},"size":1.5301473140716553,"orthographic":false}